Open time,Open,High,Low,Close,Volume,Close time,Quote asset volume,Number of trades,Taker buy base asset volume,Taker buy quote asset volume,Ignore
2025-01-01 00:00:00.000000 UTC,93576,95151.15,92888,94591.79,10373.32613,2025-01-01 23:59:59.999000 UTC,975444194.1379983,1516556,5347.73648,502914035.6405907,0
2025-01-02 00:00:00.000000 UTC,94591.78,97839.5,94392,96984.79,21970.48948,2025-01-02 23:59:59.999000 UTC,2118411853,3569079,10915.96986,1052226710.3336716,0
2025-01-03 00:00:00.000000 UTC,96984.79,98976.91,96100.01,98174.18,15253.82936,2025-01-03 23:59:59.999000 UTC,1486610768.5907917,2851164,7468.60797,727787246.8965588,0
2025-01-04 00:00:00.000000 UTC,98174.17,98778.43,97514.79,98220.5,8990.05651,2025-01-04 23:59:59.999000 UTC,881223751.6353604,1559982,4350.80221,426524714.1305539,0
2025-01-05 00:00:00.000000 UTC,98220.51,98836.85,97276.79,98363.61,8095.63723,2025-01-05 23:59:59.999000 UTC,793931715.9546323,1685799,3877.90985,380355340.4686036,0
2025-01-06 00:00:00.000000 UTC,98363.61,102480,97920,102235.6,25263.43375,2025-01-06 23:59:59.999000 UTC,2540561688.7771435,3853702,12539.59534,1260943259.466256,0
2025-01-07 00:00:00.000000 UTC,102235.6,102724.38,96181.81,96954.61,32059.87537,2025-01-07 23:59:59.999000 UTC,3170421659.717236,4480562,14815.11453,1464336049.7055345,0
2025-01-08 00:00:00.000000 UTC,96954.6,97268.65,92500.9,95060.61,33704.67894,2025-01-08 23:59:59.999000 UTC,3205849081.112962,5171208,15803.85091,1503791328.6993084,0
2025-01-09 00:00:00.000000 UTC,95060.61,95382.32,91203.67,92552.49,34544.83685,2025-01-09 23:59:59.999000 UTC,3217669887.2453976,6027161,15323.62663,1427812152.272761,0
2025-01-10 00:00:00.000000 UTC,92552.49,95836,92206.02,94726.11,31482.86424,2025-01-10 23:59:59.999000 UTC,2962085343.283704,5531444,15617.43823,1469711545.6571271,0
2025-01-11 00:00:00.000000 UTC,94726.1,95050.94,93831.73,94599.99,7047.9043,2025-01-11 23:59:59.999000 UTC,665685994.9,1496191,3412.37671,322346977.43545526,0
2025-01-12 00:00:00.000000 UTC,94599.99,95450.1,93711.19,94545.06,8606.86622,2025-01-12 23:59:59.999000 UTC,813278829.6583949,1658863,4028.33031,380691769.9184427,0
2025-01-13 00:00:00.000000 UTC,94545.07,95940,89256.69,94536.1,42619.56423,2025-01-13 23:59:59.999000 UTC,3930666134.3474574,5740963,19473.88042,1797888178.849608,0
2025-01-14 00:00:00.000000 UTC,94536.11,97371,94346.22,96560.86,27846.61753,2025-01-14 23:59:59.999000 UTC,2676048470.3569503,4532923,14248.69616,1369464111.693496,0
2025-01-15 00:00:00.000000 UTC,96560.85,100681.94,96500,100497.35,30509.99179,2025-01-15 23:59:59.999000 UTC,3006242382.8867946,3487945,15494.17873,1527728226.3083327,0
2025-01-16 00:00:00.000000 UTC,100497.35,100866.66,97335.13,99987.3,27832.85317,2025-01-16 23:59:59.999000 UTC,2765162040.639799,3762755,13513.53707,1342462621.6273284,0
2025-01-17 00:00:00.000000 UTC,99987.3,105865.22,99950.77,104077.48,39171.85292,2025-01-17 23:59:59.999000 UTC,4040993985.475047,3886907,20673.213,2131223293.2048464,0
2025-01-18 00:00:00.000000 UTC,104077.47,104988.88,102277.55,104556.23,24307.82998,2025-01-18 23:59:59.999000 UTC,2521522119.379525,3403162,11607.51274,1204170928.374812,0
2025-01-19 00:00:00.000000 UTC,104556.23,106422.43,99651.6,101331.57,43397.28298,2025-01-19 23:59:59.999000 UTC,4513423971.410252,5271920,21079.51082,2193270771.0019445,0
2025-01-20 00:00:00.000000 UTC,101331.57,109588,99550,102260.01,89529.23173,2025-01-20 23:59:59.999000 UTC,9398787064.320717,11597937,44770.52949,4704453254.515383,0
2025-01-21 00:00:00.000000 UTC,102260,107240.81,100119.04,106143.82,45941.02002,2025-01-21 23:59:59.999000 UTC,4768512258.156501,6842980,23227.02741,2411854258.5127187,0
2025-01-22 00:00:00.000000 UTC,106143.82,106394.46,103339.12,103706.66,22248.69254,2025-01-22 23:59:59.999000 UTC,2331144640.658579,4364035,10501.59306,1100173331.9876585,0
2025-01-23 00:00:00.000000 UTC,103706.66,106850,101262.28,103910.34,53953.12031,2025-01-23 23:59:59.999000 UTC,5610760848.131639,6961383,27045.92646,2813824950.571884,0
2025-01-24 00:00:00.000000 UTC,103910.35,107120,102750,104870.5,23609.24017,2025-01-24 23:59:59.999000 UTC,2483818574.373748,4798886,11893.4605,1251601023.3484683,0
2025-01-25 00:00:00.000000 UTC,104870.51,105286.52,104106.09,104746.85,9068.32377,2025-01-25 23:59:59.999000 UTC,949511531.3578016,1770765,4462.60438,467284996.3760967,0
2025-01-26 00:00:00.000000 UTC,104746.86,105500,102520.44,102620,9812.51238,2025-01-26 23:59:59.999000 UTC,1024352365.4715524,1813011,4642.17247,484871090.3361497,0
2025-01-27 00:00:00.000000 UTC,102620.01,103260,97777.77,102082.83,50758.1341,2025-01-27 23:59:59.999000 UTC,5092886322.829244,9368910,23529.22433,2361569760.8418937,0
2025-01-28 00:00:00.000000 UTC,102082.83,103800,100272.68,101335.52,22022.05765,2025-01-28 23:59:59.999000 UTC,2253977324.0362086,5428644,10756.64741,1101357650.2919877,0
2025-01-29 00:00:00.000000 UTC,101335.52,104782.68,101328.01,103733.24,23155.35802,2025-01-29 23:59:59.999000 UTC,2380383694.772136,5189699,11675.17182,1200636637.8143668,0
2025-01-30 00:00:00.000000 UTC,103733.25,106457.44,103278.54,104722.94,19374.07472,2025-01-30 23:59:59.999000 UTC,2038112603.5126407,3990075,10140.92834,1066933244.9920208,0
2025-01-31 00:00:00.000000 UTC,104722.94,106012,101560,102429.56,21983.18193,2025-01-31 23:59:59.999000 UTC,2282174002.1952176,4331904,10697.39968,1111485874.1292844,0
2025-02-01 00:00:00.000000 UTC,102429.56,102783.71,100279.51,100635.65,12290.95747,2025-02-01 23:59:59.999000 UTC,1250354228.2372296,2588786,5625.89331,572540016.1490111,0
2025-02-02 00:00:00.000000 UTC,100635.66,101456.6,96150,97700.59,34619.49939,2025-02-02 23:59:59.999000 UTC,3412084312.583628,7202339,15587.16669,1536076091.303013,0
2025-02-03 00:00:00.000000 UTC,97700.59,102500.01,91231,101328.52,75164.7385,2025-02-03 23:59:59.999000 UTC,7228589181,10625262,36736.56946,3537845694.481265,0
2025-02-04 00:00:00.000000 UTC,101328.51,101732.31,96150,97763.13,40267.98697,2025-02-04 23:59:59.999000 UTC,3989698644,6618911,19091.58154,1891457194.3598328,0
2025-02-05 00:00:00.000000 UTC,97763.14,99149,96155,96612.43,26233.30444,2025-02-05 23:59:59.999000 UTC,2562342153.829685,4471763,11032.55174,1078316288.1425588,0
2025-02-06 00:00:00.000000 UTC,96612.44,99120,95676.64,96554.35,23515.20405,2025-02-06 23:59:59.999000 UTC,2289071921,4242807,11261.53049,1096611639.3760087,0
2025-02-07 00:00:00.000000 UTC,96554.35,100137.99,95620.34,96506.8,31794.22065,2025-02-07 23:59:59.999000 UTC,3107592434.6738343,5012456,15249.3537,1491114588.559852,0
2025-02-08 00:00:00.000000 UTC,96506.8,96880,95688,96444.74,10147.24294,2025-02-08 23:59:59.999000 UTC,977040267.5158632,1757892,4450.52682,428452764.9047411,0
2025-02-09 00:00:00.000000 UTC,96444.75,97323.09,94713,96462.75,14120.91613,2025-02-09 23:59:59.999000 UTC,1359495152.3107977,2293192,6663.72875,641795598.1752762,0
2025-02-10 00:00:00.000000 UTC,96462.75,98345,95256,97430.82,20572.87537,2025-02-10 23:59:59.999000 UTC,1999112052.6687863,3475919,9607.62329,933665618.5050192,0
2025-02-11 00:00:00.000000 UTC,97430.82,98478.42,94876.88,95778.2,18647.76379,2025-02-11 23:59:59.999000 UTC,1806534846,3716586,8594.50066,832320054.8763715,0
2025-02-12 00:00:00.000000 UTC,95778.21,98119.99,94088.23,97869.99,29151.16625,2025-02-12 23:59:59.999000 UTC,2800142168.3943653,4992737,13820.70553,1328044257.0401337,0
2025-02-13 00:00:00.000000 UTC,97870,98083.91,95217.36,96608.14,19921.77616,2025-02-13 23:59:59.999000 UTC,1916988246.3921185,3909456,8852.16215,851823567.0939348,0
2025-02-14 00:00:00.000000 UTC,96608.13,98826,96252.82,97500.48,18173.02646,2025-02-14 23:59:59.999000 UTC,1768073218.8690157,3499564,9061.31682,881925349.6444213,0
2025-02-15 00:00:00.000000 UTC,97500.47,97972.26,97223.58,97569.66,7349.37683,2025-02-15 23:59:59.999000 UTC,717245393.8,1694327,3579.14202,349322778.2339769,0
2025-02-16 00:00:00.000000 UTC,97569.67,97704.47,96046.18,96118.12,8191.4249,2025-02-16 23:59:59.999000 UTC,794694242.2949731,1596701,3719.73063,360842416.66441673,0
2025-02-17 00:00:00.000000 UTC,96118.12,97046.59,95205,95780,16492.0451,2025-02-17 23:59:59.999000 UTC,1584593526.1754675,2831237,8010.41565,769979077.1361973,0
2025-02-18 00:00:00.000000 UTC,95780.01,96753.91,93388.09,95671.74,23368.19471,2025-02-18 23:59:59.999000 UTC,2223994802.892005,4234248,11432.47367,1088319233.5219896,0
2025-02-19 00:00:00.000000 UTC,95671.74,96899.99,95029.99,96644.37,16438.50954,2025-02-19 23:59:59.999000 UTC,1576817572.1032505,2784225,7173.61807,688586919.9759259,0
2025-02-20 00:00:00.000000 UTC,96644.37,98711.36,96415.09,98305,17057.39177,2025-02-20 23:59:59.999000 UTC,1663386824.7315507,2386973,8356.42859,815056614.2,0
2025-02-21 00:00:00.000000 UTC,98305.01,99475,94871.95,96181.98,32249.2814,2025-02-21 23:59:59.999000 UTC,3143975917.573464,4528525,15313.58184,1493403646.8483028,0
2025-02-22 00:00:00.000000 UTC,96181.99,96980,95770.49,96551.01,11268.17708,2025-02-22 23:59:59.999000 UTC,1087077133.8226364,1506418,5293.28051,510722895.1675426,0
2025-02-23 00:00:00.000000 UTC,96551.01,96650,95227.94,96258,10884.84913,2025-02-23 23:59:59.999000 UTC,1044392011.791024,1457368,4619.93267,443381984.4110255,0
2025-02-24 00:00:00.000000 UTC,96258,96500,91349.26,91552.88,31550.10299,2025-02-24 23:59:59.999000 UTC,2981809595.445377,4972684,14438.63366,1366473567.8747733,0
2025-02-25 00:00:00.000000 UTC,91552.88,92540.69,86050.99,88680.4,78333.11111,2025-02-25 23:59:59.999000 UTC,6962982500.904473,10289145,35822.15275,3183981371.4750504,0
2025-02-26 00:00:00.000000 UTC,88680.39,89414.15,82256.01,84250.09,56893.54409,2025-02-26 23:59:59.999000 UTC,4898429925.636476,8490006,28077.1845,2417690848.8189874,0
2025-02-27 00:00:00.000000 UTC,84250.09,87078.46,82716.49,84708.58,42505.45439,2025-02-27 23:59:59.999000 UTC,3618738891.222162,6357581,20355.71969,1732725913.2817628,0
2025-02-28 00:00:00.000000 UTC,84708.57,85120,78258.52,84349.94,83648.03969,2025-02-28 23:59:59.999000 UTC,6806705237,11344216,40224.85287,3274291176,0
2025-03-01 00:00:00.000000 UTC,84349.95,86558,83824.78,86064.53,25785.05464,2025-03-01 23:59:59.999000 UTC,2194003507.852643,3700728,11748.10769,1000093822.5383524,0
2025-03-02 00:00:00.000000 UTC,86064.54,95000,85050.6,94270,54889.09045,2025-03-02 23:59:59.999000 UTC,4972549515.788669,7403218,29273.81031,2652973441.154539,0
2025-03-03 00:00:00.000000 UTC,94269.99,94416.46,85117.11,86220.61,59171.10218,2025-03-03 23:59:59.999000 UTC,5321123743.471923,9797860,27915.4365,2513464571.356911,0
2025-03-04 00:00:00.000000 UTC,86221.16,88967.52,81500,87281.98,55609.10706,2025-03-04 23:59:59.999000 UTC,4704901219.590436,10326631,27584.7159,2335087296.239287,0
2025-03-05 00:00:00.000000 UTC,87281.98,91000,86334.53,90606.01,38264.01163,2025-03-05 23:59:59.999000 UTC,3400243670.304976,8070266,19230.28436,1709708737.4698937,0
2025-03-06 00:00:00.000000 UTC,90606,92810.64,87836,89931.89,34342.44902,2025-03-06 23:59:59.999000 UTC,3105145628,7643526,17283.99411,1563426526.4289937,0
2025-03-07 00:00:00.000000 UTC,89931.88,91283.02,84667.03,86801.75,57980.35713,2025-03-07 23:59:59.999000 UTC,5097554826.613157,9510442,28394.41537,2497922400.4504447,0
2025-03-08 00:00:00.000000 UTC,86801.74,86897.25,85218.47,86222.45,12989.23054,2025-03-08 23:59:59.999000 UTC,1119358968.6520057,2553974,6491.56581,559581591.3470743,0
2025-03-09 00:00:00.000000 UTC,86222.46,86500,80000,80734.37,26115.39345,2025-03-09 23:59:59.999000 UTC,2173552660,5189138,12093.87232,1006299692.7104127,0
2025-03-10 00:00:00.000000 UTC,80734.48,84123.46,77459.91,78595.86,47633.38405,2025-03-10 23:59:59.999000 UTC,3834924947.7581854,8701538,22898.57072,1846606255.3521488,0
2025-03-11 00:00:00.000000 UTC,78595.86,83617.4,76606,82932.99,48770.06853,2025-03-11 23:59:59.999000 UTC,3927000827.110792,6983310,24029.1677,1935950413,0
2025-03-12 00:00:00.000000 UTC,82932.99,84539.85,80607.65,83680.12,31933.986,2025-03-12 23:59:59.999000 UTC,2638600996.825396,5253577,15749.41702,1301890518.499408,0
2025-03-13 00:00:00.000000 UTC,83680.12,84336.33,79939.9,81115.78,27546.27412,2025-03-13 23:59:59.999000 UTC,2260870111.2393894,4367093,13013.18135,1067945431.1219468,0
2025-03-14 00:00:00.000000 UTC,81115.78,85309.71,80818.84,83983.2,26858.52755,2025-03-14 23:59:59.999000 UTC,2244729595.541172,3290987,14082.88688,1177807467,0
2025-03-15 00:00:00.000000 UTC,83983.19,84676.28,83618,84338.44,11324.7332,2025-03-15 23:59:59.999000 UTC,953445671.8337504,1329670,5195.29128,437551330.3,0
2025-03-16 00:00:00.000000 UTC,84338.44,85117.04,81981.12,82574.53,17596.12531,2025-03-16 23:59:59.999000 UTC,1468056556.296723,2767947,8505.95317,710037465.1,0
2025-03-17 00:00:00.000000 UTC,82574.52,84756.83,82456,84010.03,17214.74358,2025-03-17 23:59:59.999000 UTC,1437716814.046874,3014756,8387.89111,700505421.7877294,0
2025-03-18 00:00:00.000000 UTC,84010.02,84021.74,81134.66,82715.03,17610.89883,2025-03-18 23:59:59.999000 UTC,1450813055.479726,3126371,8047.23418,662808749.3427887,0
2025-03-19 00:00:00.000000 UTC,82715.03,87000,82547.16,86845.94,28151.05374,2025-03-19 23:59:59.999000 UTC,2375813941.9437623,3774761,13804.24847,1166238970.2811463,0
2025-03-20 00:00:00.000000 UTC,86845.93,87453.67,83655.23,84223.39,22090.30463,2025-03-20 23:59:59.999000 UTC,1885241921.155652,3252595,10163.59262,867440339.2962606,0
2025-03-21 00:00:00.000000 UTC,84223.38,84850.33,83175.25,84088.79,11956.97443,2025-03-21 23:59:59.999000 UTC,1005135519.2560016,2360005,5466.41961,459501348.0817583,0
2025-03-22 00:00:00.000000 UTC,84088.79,84539.17,83625.1,83840.59,5420.22114,2025-03-22 23:59:59.999000 UTC,456235443.8016521,864481,2284.19178,192291026.7874248,0
2025-03-23 00:00:00.000000 UTC,83840.59,86129.64,83809.75,86082.5,8461.97813,2025-03-23 23:59:59.999000 UTC,718692319.1499039,1206533,4424.81013,376007261.5213597,0
2025-03-24 00:00:00.000000 UTC,86082.5,88765.43,85519.09,87498.16,30115.62111,2025-03-24 23:59:59.999000 UTC,2636765917.951844,2916713,14379.95578,1258638667.112904,0
2025-03-25 00:00:00.000000 UTC,87498.16,88539.63,86310,87392.87,22643.25248,2025-03-25 23:59:59.999000 UTC,1979571590.8982933,2802815,9440.56294,825308072.6337814,0
2025-03-26 00:00:00.000000 UTC,87392.88,88275,85860,86909.17,18408.78485,2025-03-26 23:59:59.999000 UTC,1606406955.5864632,2380154,8590.97753,749604853.2968135,0
2025-03-27 00:00:00.000000 UTC,86909.17,87756.39,85800,87232.01,17098.03897,2025-03-27 23:59:59.999000 UTC,1487968807.7079022,2376381,8185.05517,712324893.2889168,0
2025-03-28 00:00:00.000000 UTC,87232.01,87515.67,83585,84424.38,27182.73169,2025-03-28 23:59:59.999000 UTC,2309946560.664113,3236085,11274.83736,958523321.8112732,0
2025-03-29 00:00:00.000000 UTC,84424.38,84624.73,81644.81,82648.54,11696.39864,2025-03-29 23:59:59.999000 UTC,970199917.9868716,2172387,5621.60485,466215575.48490685,0
2025-03-30 00:00:00.000000 UTC,82648.53,83534.64,81565,82389.99,9864.49508,2025-03-30 23:59:59.999000 UTC,816584795.5288126,1907663,4725.07105,391214080.11011606,0
2025-03-31 00:00:00.000000 UTC,82390,83943.08,81278.52,82550.01,20569.13885,2025-03-31 23:59:59.999000 UTC,1696009191.0809648,3964358,9912.88184,817875871.1107411,0
2025-04-01 00:00:00.000000 UTC,82550,85579.46,82432.74,85158.34,20190.39697,2025-04-01 23:59:59.999000 UTC,1698895702.5754683,3328693,10246.42648,862302772.4330863,0
2025-04-02 00:00:00.000000 UTC,85158.35,88500,82320,82516.29,39931.457,2025-04-02 23:59:59.999000 UTC,3417279759.830764,5338238,20739.67809,1777735583.840748,0
2025-04-03 00:00:00.000000 UTC,82516.28,83998.02,81211.24,83213.09,27337.84135,2025-04-03 23:59:59.999000 UTC,2259299724.8643928,4117486,13951.52792,1153439398.6198013,0
2025-04-04 00:00:00.000000 UTC,83213.09,84720,81659,83889.87,32915.53976,2025-04-04 23:59:59.999000 UTC,2739842666.426737,4992586,15896.18779,1323832046.264688,0
2025-04-05 00:00:00.000000 UTC,83889.87,84266,82379.95,83537.99,9360.40468,2025-04-05 23:59:59.999000 UTC,779626577.9013437,1575750,4029.64658,335654613.7277184,0
2025-04-06 00:00:00.000000 UTC,83537.99,83817.63,77153.83,78430,27942.71436,2025-04-06 23:59:59.999000 UTC,2239085051.1529646,3948493,12493.8449,1001459573.494466,0
2025-04-07 00:00:00.000000 UTC,78430,81243.58,74508,79163.24,78387.53089,2025-04-07 23:59:59.999000 UTC,6084614024.150647,9736596,39075.84274,3034375055.6843963,0
2025-04-08 00:00:00.000000 UTC,79163.24,80867.99,76239.9,76322.42,35317.32063,2025-04-08 23:59:59.999000 UTC,2775277777.102461,5512751,15704.73031,1235370767.1153505,0
2025-04-09 00:00:00.000000 UTC,76322.42,83588,74620,82615.22,75488.28772,2025-04-09 23:59:59.999000 UTC,5980231256.222496,7741252,39491.62958,3137004042.959261,0
2025-04-10 00:00:00.000000 UTC,82615.22,82753.21,78464.36,79607.3,33284.80718,2025-04-10 23:59:59.999000 UTC,2690294353.847842,4529545,16339.9191,1321475356.0200849,0
2025-04-11 00:00:00.000000 UTC,79607.3,84300,78969.58,83423.84,34435.43797,2025-04-11 23:59:59.999000 UTC,2830363945.1787524,4423157,18019.58367,1482515278.9177043,0
2025-04-12 00:00:00.000000 UTC,83423.83,85905,82792.95,85276.9,18470.74437,2025-04-12 23:59:59.999000 UTC,1557403252.9267516,2501196,9526.72644,803747272.8,0
2025-04-13 00:00:00.000000 UTC,85276.91,86100,83034.23,83760,24680.04181,2025-04-13 23:59:59.999000 UTC,2086106375.439256,3275879,11658.67909,986303246.0931836,0
2025-04-14 00:00:00.000000 UTC,83760,85799.99,83678,84591.58,28659.09348,2025-04-14 23:59:59.999000 UTC,2429132805.0815287,3921522,15196.58929,1288815999.1406171,0
2025-04-15 00:00:00.000000 UTC,84591.58,86496.42,83600,83643.99,20910.99528,2025-04-15 23:59:59.999000 UTC,1780972414.3956008,2910533,10439.36072,889895753.1673651,0
2025-04-16 00:00:00.000000 UTC,83643.99,85500,83111.64,84030.38,20867.24519,2025-04-16 23:59:59.999000 UTC,1753910031.2009242,3264730,10456.769,878939829.4848368,0
2025-04-17 00:00:00.000000 UTC,84030.38,85470.01,83736.26,84947.91,13728.84772,2025-04-17 23:59:59.999000 UTC,1161659427.386263,2003405,6424.41565,543726754.4187016,0
2025-04-18 00:00:00.000000 UTC,84947.92,85132.08,84303.96,84474.69,6529.96315,2025-04-18 23:59:59.999000 UTC,552648483.6474872,840009,2911.78856,246467088.2621466,0
2025-04-19 00:00:00.000000 UTC,84474.7,85677.99,84364.45,85077.01,9666.58153,2025-04-19 23:59:59.999000 UTC,823222752.2842493,875226,5416.30087,461342924,0
2025-04-20 00:00:00.000000 UTC,85077,85320.76,83949.52,85179.24,8091.67725,2025-04-20 23:59:59.999000 UTC,685253644.8918362,944130,3843.48314,325482835.7378329,0
2025-04-21 00:00:00.000000 UTC,85179.24,88465.99,85144.76,87516.23,31773.37262,2025-04-21 23:59:59.999000 UTC,2773299591.467066,3041395,17216.39877,1502705225.134135,0
2025-04-22 00:00:00.000000 UTC,87516.22,93888,87076.03,93442.99,43872.74705,2025-04-22 23:59:59.999000 UTC,3967785064.1281695,3268475,22777.77047,2062639579.2030847,0
2025-04-23 00:00:00.000000 UTC,93442.99,94696.05,91935.41,93691.08,27404.16808,2025-04-23 23:59:59.999000 UTC,2560279933.947952,3016536,13128.05774,1226992558.5765462,0
2025-04-24 00:00:00.000000 UTC,93691.07,94005,91660.01,93980.47,19497.06071,2025-04-24 23:59:59.999000 UTC,1811120137.314679,2797383,8565.18128,795787487.3608981,0
2025-04-25 00:00:00.000000 UTC,93980.47,95758.04,92855.96,94638.68,27500.66648,2025-04-25 23:59:59.999000 UTC,2596877713.640173,3331828,13072.22136,1234153095.7292683,0
2025-04-26 00:00:00.000000 UTC,94638.68,95199,93870.69,94628,9415.06875,2025-04-26 23:59:59.999000 UTC,889627361.8414446,1475983,4156.22463,392757114.4,0
2025-04-27 00:00:00.000000 UTC,94628,95369,93602.58,93749.3,11162.841,2025-04-27 23:59:59.999000 UTC,1052334792.1866188,1918160,5250.08719,495112239.1081697,0
2025-04-28 00:00:00.000000 UTC,93749.29,95630,92800.01,95011.18,22157.53351,2025-04-28 23:59:59.999000 UTC,2092532996.555172,3424740,11626.77592,1098667305.239998,0
2025-04-29 00:00:00.000000 UTC,95011.18,95461.53,93742.54,94256.82,16955.3402,2025-04-29 23:59:59.999000 UTC,1607154803.4675477,3020875,7112.68469,674688527.8,0
2025-04-30 00:00:00.000000 UTC,94256.82,95228.45,92910,94172,17661.2751,2025-04-30 23:59:59.999000 UTC,1664825670.9831252,3214149,8393.2162,791272380.0312446,0
2025-05-01 00:00:00.000000 UTC,94172,97424.02,94130.43,96489.91,21380.45343,2025-05-01 23:59:59.999000 UTC,2053857614.2732675,2925716,10925.87308,1049157198.8587636,0
2025-05-02 00:00:00.000000 UTC,96489.9,97895.68,96350,96887.14,14905.74811,2025-05-02 23:59:59.999000 UTC,1446387651.5840576,2698263,7440.33531,722022817.2246199,0
2025-05-03 00:00:00.000000 UTC,96887.13,96935.67,95753.01,95856.42,9723.34838,2025-05-03 23:59:59.999000 UTC,935906144.9651498,1181239,3929.4049,378271292.4443145,0
2025-05-04 00:00:00.000000 UTC,95856.42,96304.48,94151.38,94277.62,11036.38342,2025-05-04 23:59:59.999000 UTC,1053542403.8531588,1674726,4385.33486,418573470.8569623,0
2025-05-05 00:00:00.000000 UTC,94277.61,95199,93514.1,94733.68,17251.18189,2025-05-05 23:59:59.999000 UTC,1626999380.1759968,2623300,8399.64855,792299650.3395202,0
2025-05-06 00:00:00.000000 UTC,94733.68,96920.65,93377,96834.02,16122.64513,2025-05-06 23:59:59.999000 UTC,1526847764.5636685,2512960,7505.95734,711372483.6117135,0
2025-05-07 00:00:00.000000 UTC,96834.02,97732,95784.61,97030.5,16644.83854,2025-05-07 23:59:59.999000 UTC,1611730124.5924544,2849139,8316.74471,805430612.4055353,0
2025-05-08 00:00:00.000000 UTC,97030.5,104145.76,96876.29,103261.6,34962.02847,2025-05-08 23:59:59.999000 UTC,3508645830.5650144,4991147,18547.23009,1861334478.364427,0
2025-05-09 00:00:00.000000 UTC,103261.61,104361.3,102315.14,102971.99,27617.39907,2025-05-09 23:59:59.999000 UTC,2847518447.981513,4406929,14525.20381,1497826622.326188,0
2025-05-10 00:00:00.000000 UTC,102971.99,104984.57,102818.76,104809.53,15324.78611,2025-05-10 23:59:59.999000 UTC,1588386278.502415,2227845,8258.23478,856095289.5216646,0
2025-05-11 00:00:00.000000 UTC,104809.53,104972,103345.06,104118,17987.12197,2025-05-11 23:59:59.999000 UTC,1873381777.2124248,3100176,9071.95578,944903285.1,0
2025-05-12 00:00:00.000000 UTC,104118,105819.45,100718.37,102791.32,31272.77792,2025-05-12 23:59:59.999000 UTC,3242348937.383069,5298407,16455.99797,1707457796.5881395,0
2025-05-13 00:00:00.000000 UTC,102791.32,104976.25,101429.7,104103.72,21253.42409,2025-05-13 23:59:59.999000 UTC,2197244118.1523666,3703531,10705.97845,1106609664.707795,0
2025-05-14 00:00:00.000000 UTC,104103.72,104356.95,102602.05,103507.82,16452.9081,2025-05-14 23:59:59.999000 UTC,1704708279.3884108,3025221,8026.03333,831783471.7,0
2025-05-15 00:00:00.000000 UTC,103507.83,104192.7,101383.07,103763.71,17998.98604,2025-05-15 23:59:59.999000 UTC,1850183474.529204,4139477,8475.18036,871244345.6,0
2025-05-16 00:00:00.000000 UTC,103763.71,104550.33,103100.49,103463.9,15683.88024,2025-05-16 23:59:59.999000 UTC,1628832372.324148,3237442,7555.15801,784850382.1942747,0
2025-05-17 00:00:00.000000 UTC,103463.9,103709.86,102612.5,103126.65,11250.89622,2025-05-17 23:59:59.999000 UTC,1160418362.950618,2568597,5335.11525,550379728.7338501,0
2025-05-18 00:00:00.000000 UTC,103126.65,106660,103105.09,106454.26,21599.98726,2025-05-18 23:59:59.999000 UTC,2262214972.0749383,3193300,11664.89904,1221914552.0552013,0
2025-05-19 00:00:00.000000 UTC,106454.27,107108.62,102000,105573.74,30260.03524,2025-05-19 23:59:59.999000 UTC,3150324504.595452,4881371,14208.309,1480452895.0841565,0
2025-05-20 00:00:00.000000 UTC,105573.73,107320,104184.72,106849.99,23705.48275,2025-05-20 23:59:59.999000 UTC,2509102444.6695986,3878351,12350.46275,1307273652.3895233,0
2025-05-21 00:00:00.000000 UTC,106850,110797.38,106100.01,109643.99,45531.04035,2025-05-21 23:59:59.999000 UTC,4914709514.320026,6835279,23661.6494,2555528481.098726,0
2025-05-22 00:00:00.000000 UTC,109643.99,111980,109177.37,111696.21,31630.77313,2025-05-22 23:59:59.999000 UTC,3509432834.573417,5794216,16584.56293,1840083098.5827856,0
2025-05-23 00:00:00.000000 UTC,111696.22,111800,106800,107318.3,31737.72309,2025-05-23 23:59:59.999000 UTC,3469704446.3904047,5251192,14309.31652,1565622441.187517,0
2025-05-24 00:00:00.000000 UTC,107318.3,109506.03,106875.41,107761.91,16782.53129,2025-05-24 23:59:59.999000 UTC,1819958819.7748585,2805418,8786.90747,953683093.3,0
2025-05-25 00:00:00.000000 UTC,107761.9,109299.99,106600.64,109004.19,17710.04695,2025-05-25 23:59:59.999000 UTC,1904366455.425858,3151168,7867.16712,846688135.0097136,0
2025-05-26 00:00:00.000000 UTC,109004.2,110422.22,108670.58,109434.79,14649.11593,2025-05-26 23:59:59.999000 UTC,1605578282.1079032,2887863,7301.11288,800269021.1922797,0
2025-05-27 00:00:00.000000 UTC,109434.78,110718,107516.57,108938.17,21276.65635,2025-05-27 23:59:59.999000 UTC,2327603851.1192646,3735509,9969.89271,1090553624.461599,0
2025-05-28 00:00:00.000000 UTC,108938.17,109284.7,106769.43,107781.78,15633.78829,2025-05-28 23:59:59.999000 UTC,1689136748.5130312,2933262,6877.27341,743282966.7207197,0
2025-05-29 00:00:00.000000 UTC,107781.78,108891.91,105322.86,105589.75,19834.70116,2025-05-29 23:59:59.999000 UTC,2128639017.5081613,3774926,9457.49356,1015173771.5489898,0
2025-05-30 00:00:00.000000 UTC,105589.75,106313.12,103621,103985.48,23706.49799,2025-05-30 23:59:59.999000 UTC,2493078549.591861,4307572,11070.98746,1164158558.6435854,0
2025-05-31 00:00:00.000000 UTC,103985.47,104900,103068.55,104591.88,11289.35922,2025-05-31 23:59:59.999000 UTC,1174000801.507038,2343787,5278.95175,548980630.8493577,0
2025-06-01 00:00:00.000000 UTC,104591.88,105866.91,103752.49,105642.93,9709.70006,2025-06-01 23:59:59.999000 UTC,1016188486.9505996,1939359,4640.3507,485683466.9347843,0
2025-06-02 00:00:00.000000 UTC,105642.93,105935.63,103659.88,105857.99,13453.98813,2025-06-02 23:59:59.999000 UTC,1409004206.9863732,2997656,6494.65497,680177826.6144172,0
2025-06-03 00:00:00.000000 UTC,105858,106794.67,104872.5,105376.89,13259.52634,2025-06-03 23:59:59.999000 UTC,1402493746.5993218,2470698,6260.22436,662160926.8241225,0
2025-06-04 00:00:00.000000 UTC,105376.9,106000,104179,104696.86,14034.89482,2025-06-04 23:59:59.999000 UTC,1476928482.368878,2274464,6979.9491,734803757.4185839,0
2025-06-05 00:00:00.000000 UTC,104696.86,105909.71,100372.26,101508.68,22321.50154,2025-06-05 23:59:59.999000 UTC,2301567892.5305448,3963295,10005.36019,1031668517.0427113,0
2025-06-06 00:00:00.000000 UTC,101508.69,105333,101095.8,104288.44,15839.07385,2025-06-06 23:59:59.999000 UTC,1642382404.9355752,2709327,7655.60679,793575821.4357933,0
2025-06-07 00:00:00.000000 UTC,104288.43,105900,103871.09,105552.15,8344.93206,2025-06-07 23:59:59.999000 UTC,877915381,1402494,3970.01912,417664199.1912712,0
2025-06-08 00:00:00.000000 UTC,105552.15,106488.14,104964.14,105734,8048.06305,2025-06-08 23:59:59.999000 UTC,850887129.4282976,1295154,4361.42266,461098506.1,0
2025-06-09 00:00:00.000000 UTC,105734.01,110530.17,105318.37,110263.02,19975.37451,2025-06-09 23:59:59.999000 UTC,2154922022.221173,2839846,10623.88217,1146790065.5135615,0
2025-06-10 00:00:00.000000 UTC,110263.02,110400,108331.03,110274.39,17071.82839,2025-06-10 23:59:59.999000 UTC,1867620550.1921728,3003420,8009.29581,876411274.3969488,0
2025-06-11 00:00:00.000000 UTC,110274.39,110392.01,108064,108645.12,13115.91638,2025-06-11 23:59:59.999000 UTC,1434884639.7506304,2667014,6030.96867,659947218.0033869,0
2025-06-12 00:00:00.000000 UTC,108645.13,108813.55,105671.72,105671.73,17778.67218,2025-06-12 23:59:59.999000 UTC,1908309274.0868344,3517420,8291.22648,890420511.4704415,0
2025-06-13 00:00:00.000000 UTC,105671.74,106179.53,102664.31,106066.59,26180.81734,2025-06-13 23:59:59.999000 UTC,2735461890.6929703,5452577,12793.70705,1337300355.9952192,0
2025-06-14 00:00:00.000000 UTC,106066.59,106252,104300,105414.64,8798.93969,2025-06-14 23:59:59.999000 UTC,925568614.1784064,1521776,3848.55498,405001275.9262716,0
2025-06-15 00:00:00.000000 UTC,105414.63,106128.57,104494.53,105594.01,7164.20047,2025-06-15 23:59:59.999000 UTC,754596887.8748003,1564768,3356.46912,353608577.6853774,0
2025-06-16 00:00:00.000000 UTC,105594.02,108952.38,104980.37,106794.53,14922.6654,2025-06-16 23:59:59.999000 UTC,1599849840.7325244,2928998,7442.34921,797865030.1366178,0
2025-06-17 00:00:00.000000 UTC,106794.53,107771.34,103371.02,104551.17,17866.33025,2025-06-17 23:59:59.999000 UTC,1883173485,3723010,8082.6529,852365443.2,0
2025-06-18 00:00:00.000000 UTC,104551.17,105550.27,103500,104886.78,13968.64167,2025-06-18 23:59:59.999000 UTC,1461383024.362209,3468170,6656.31474,696386846.6904296,0
2025-06-19 00:00:00.000000 UTC,104886.79,105226.17,103929.27,104658.59,7678.60737,2025-06-19 23:59:59.999000 UTC,803402576,1718045,3583.19736,374871407.4107335,0
2025-06-20 00:00:00.000000 UTC,104658.59,106524.65,102345,103297.99,16419.06283,2025-06-20 23:59:59.999000 UTC,1714411911.0114017,3029404,7113.97039,743649283.0800211,0
2025-06-21 00:00:00.000000 UTC,103297.98,103982.64,100837.9,102120.01,11154.21332,2025-06-21 23:59:59.999000 UTC,1144829784.7306418,2172578,4632.93703,475270667.42267615,0
2025-06-22 00:00:00.000000 UTC,102120.02,103399.62,98200,100963.87,28746.41072,2025-06-22 23:59:59.999000 UTC,2892695407.808688,5121309,13142.02965,1322387353,0
2025-06-23 00:00:00.000000 UTC,100963.87,106074.2,99613.33,105333.93,27666.50609,2025-06-23 23:59:59.999000 UTC,2836166831.044449,4944207,13408.20163,1375654853.258466,0
2025-06-24 00:00:00.000000 UTC,105333.94,106290,104622.02,106083,14651.69335,2025-06-24 23:59:59.999000 UTC,1543451113.4563613,2973481,6848.32158,721631005.2893264,0
2025-06-25 00:00:00.000000 UTC,106083,108135.3,105808.03,107340.58,16701.15551,2025-06-25 23:59:59.999000 UTC,1789545471,2988892,8576.13709,919352853.8,0
2025-06-26 00:00:00.000000 UTC,107340.59,108272.45,106562.5,106947.06,10573.27279,2025-06-26 23:59:59.999000 UTC,1136093974.6816013,2597742,4983.08998,535471528.1944927,0
2025-06-27 00:00:00.000000 UTC,106947.06,107735.34,106356.76,107047.59,12232.44042,2025-06-27 23:59:59.999000 UTC,1308420348.9100096,2304499,4862.2801,520251258.3787664,0
2025-06-28 00:00:00.000000 UTC,107047.58,107577.75,106811.51,107296.79,3282.17352,2025-06-28 23:59:59.999000 UTC,352025390.60311353,653305,1514.41959,162441164.0132396,0
2025-06-29 00:00:00.000000 UTC,107296.79,108528.5,107172.52,108356.93,6831.7364,2025-06-29 23:59:59.999000 UTC,736708189.9495683,1223202,3771.10895,406653127.0920804,0
2025-06-30 00:00:00.000000 UTC,108356.93,108789.99,106733.33,107146.5,9754.12491,2025-06-30 23:59:59.999000 UTC,1050407152.345058,1773485,4331.3813,466474537.7882122,0
2025-07-01 00:00:00.000000 UTC,107146.51,107540,105250.85,105681.14,10505.62437,2025-07-01 23:59:59.999000 UTC,1117432945.8926363,2013289,4648.91727,494549276.18377846,0
2025-07-02 00:00:00.000000 UTC,105681.13,109730,105100.19,108849.6,17691.89592,2025-07-02 23:59:59.999000 UTC,1915699005.8772893,2444708,9248.43029,1002261738.2088752,0
2025-07-03 00:00:00.000000 UTC,108849.59,110529.18,108530.4,109584.78,13047.08225,2025-07-03 23:59:59.999000 UTC,1429459048.638326,2568944,6961.89686,763022147.9,0
2025-07-04 00:00:00.000000 UTC,109584.77,109767.59,107245,107984.24,11793.86615,2025-07-04 23:59:59.999000 UTC,1276215111.6683652,1975212,4787.79822,518313227,0
2025-07-05 00:00:00.000000 UTC,107984.25,108420.56,107756.31,108064,1138.7132,2025-07-05 23:59:59.999000 UTC,123062936.9472226,222671,591.54556,63937716,0
2025-07-06 00:00:00.000000 UTC,108198.12,108268.35,108025.97,108036,355.20453,2025-07-06 23:59:59.999000 UTC,38421096.93,67649,172.83728,18696911,0
2025-07-07 00:00:00.000000 UTC,109203.85,109476.98,108679.75,109476.98,652.41452,2025-07-07 23:59:59.999000 UTC,71119978.7,190546,326.7321,35622738.92,0
2025-07-08 00:00:00.000000 UTC,108262.94,108525,107670.12,107722.34,842.1215,2025-07-08 23:59:59.999000 UTC,91056361.87,196669,379.9087,41097717.81,0
2025-07-09 00:00:00.000000 UTC,108922.99,109136,108722.09,108823.61,405.85399,2025-07-09 23:59:59.999000 UTC,44197718.83,99875,185.4732,20202592.58,0
2025-07-10 00:00:00.000000 UTC,111234,111356,110880,111279.22,934.62174,2025-07-10 23:59:59.999000 UTC,103887726.6382013,150405,493.17456,54826860.59,0
2025-07-11 00:00:00.000000 UTC,116010.01,116098.8,115222.22,115789.71,2053.39834,2025-07-11 23:59:59.999000 UTC,237739246.7976014,335854,854.98421,98978960.46,0
2025-07-12 00:00:00.000000 UTC,117527.66,117743.19,117141.13,117646.37,790.084,2025-07-12 23:59:59.999000 UTC,92832651.94,137057,366.58946,43077714.09,0
2025-07-13 00:00:00.000000 UTC,117420,117640.61,117224.79,117420.29,444.14008,2025-07-13 23:59:59.999000 UTC,52151833.3,112302,216.29329,25394869.49,0
2025-07-14 00:00:00.000000 UTC,119086.65,119470.54,118905.18,119177.83,978.39593,2025-07-14 23:59:59.999000 UTC,116567854.9397984,234931,515.78039,61454983.53,0
2025-07-15 00:00:00.000000 UTC,119841.17,119940.83,117900,117989.89,3161.0031,2025-07-15 23:59:59.999000 UTC,375877955.5733272,438492,1266.14539,150667922,0
2025-07-16 00:00:00.000000 UTC,117758.08,118195,117420.53,117519.27,1201.47103,2025-07-16 23:59:59.999000 UTC,141505065.3010329,180632,666.28942,78477057.47,0
2025-07-17 00:00:00.000000 UTC,118630.44,119158.28,117683.53,118299.21,1336.75369,2025-07-17 23:59:59.999000 UTC,158273763.1406812,239133,618.21784,73199065.04,0
2025-07-18 00:00:00.000000 UTC,119177.56,120785.49,119020.48,120138.99,1804.48656,2025-07-18 23:59:59.999000 UTC,216592602.2629568,319176,912.78192,109562600.0786086,0
2025-07-19 00:00:00.000000 UTC,117924.84,118109.95,117613.35,118000.7,646.96159,2025-07-19 23:59:59.999000 UTC,76289494.88,126167,280.71414,33105136.15,0
2025-07-20 00:00:00.000000 UTC,117840.01,118131.2,117650,117884.29,563.92621,2025-07-20 23:59:59.999000 UTC,66494390.87,117486,286.80918,33817053.01,0
2025-07-21 00:00:00.000000 UTC,117265.11,117991.59,116515,117884.28,1716.16569,2025-07-21 23:59:59.999000 UTC,201111941.9199314,311595,787.09527,92245099.64,0
2025-07-22 00:00:00.000000 UTC,117380.36,117950,116128,117453.46,2436.39879,2025-07-22 23:59:59.999000 UTC,285394534.89888555,310526,1112.12098,130290861.3969653,0
2025-07-23 00:00:00.000000 UTC,119954.43,120090,119119.86,119308,1062.0363,2025-07-23 23:59:59.999000 UTC,126961031.6121708,170133,459.02065,54868198.53,0
2025-07-24 00:00:00.000000 UTC,118756,119138.57,118571.17,118944.89,1010.40115,2025-07-24 23:59:59.999000 UTC,120184781.5,147216,540.26375,64258064.86,0
2025-07-25 00:00:00.000000 UTC,118340.98,118451.57,117099.99,117100,4295.59166,2025-07-25 23:59:59.999000 UTC,504816132.49467033,280497,1613.99439,189752441.5533014,0
2025-07-26 00:00:00.000000 UTC,117614.31,117614.32,117138.38,117266.98,692.15335,2025-07-26 23:59:59.999000 UTC,81270733.68,96071,207.07643,24315108.83,0
2025-07-27 00:00:00.000000 UTC,117919.99,118260,117825.5,118150.38,573.1169,2025-07-27 23:59:59.999000 UTC,67667006.83,74938,331.93433,39194491.86,0
2025-07-28 00:00:00.000000 UTC,119415.56,119690.32,118960.5,119494.04,1129.1822,2025-07-28 23:59:59.999000 UTC,134712628.2242518,186877,499.67173,59619273.45,0
2025-07-29 00:00:00.000000 UTC,118062.32,118450,117450,117919.49,1186.14424,2025-07-29 23:59:59.999000 UTC,139861870.9864021,204556,529.16108,62396221.47,0
2025-07-30 00:00:00.000000 UTC,117950.75,118119,117412.53,118021.87,610.01661,2025-07-30 23:59:59.999000 UTC,71850694.2,131541,264.35197,31141102.03,0
2025-07-31 00:00:00.000000 UTC,117840.29,118542.39,117781.87,118172.36,1420.41816,2025-07-31 23:59:59.999000 UTC,167972620.0915766,155061,694.32558,82108331.71,0
2025-08-01 00:00:00.000000 UTC,115764.07,115933,114313.13,115760.31,4615.46977,2025-08-01 23:59:59.999000 UTC,531592887.1052738,545259,2152.29817,247986978.5219624,0
2025-08-02 00:00:00.000000 UTC,113297.92,113909.3,113198.63,113751.5,941.81216,2025-08-02 23:59:59.999000 UTC,106961254.2142227,238629,473.74844,53799402.02,0
2025-08-03 00:00:00.000000 UTC,112546.35,113425.01,111920,113368,1650.61092,2025-08-03 23:59:59.999000 UTC,186182882.2708937,355246,705.71974,79679235.4,0
2025-08-04 00:00:00.000000 UTC,114208.81,115000,114107.6,114811.96,1159.02884,2025-08-04 23:59:59.999000 UTC,132804839.4672944,234933,582.61955,66767740.37,0
2025-08-05 00:00:00.000000 UTC,115055.03,115127.81,114651.56,114664.83,768.15187,2025-08-05 23:59:59.999000 UTC,88259803.38,183160,391.33301,44972609.35,0
2025-08-06 00:00:00.000000 UTC,114129.75,114139.38,113491.76,113679.97,683.68204,2025-08-06 23:59:59.999000 UTC,77815038.89,192310,274.63948,31259416.18,0
2025-08-07 00:00:00.000000 UTC,114992.27,115185.58,114580.53,114769.7,808.03504,2025-08-07 23:59:59.999000 UTC,92798995.88,124082,386.32484,44373268.59,0
2025-08-08 00:00:00.000000 UTC,117472.02,117630,116770.05,116788.74,1591.1612,2025-08-08 23:59:59.999000 UTC,186329336.5624944,392897,674.3971,78978770.38,0
2025-08-09 00:00:00.000000 UTC,116674.74,116750,116506.38,116506.38,357.1299,2025-08-09 23:59:59.999000 UTC,41649150.45,74662,161.78732,18867932.05,0
2025-08-10 00:00:00.000000 UTC,116462.25,116776.59,116460.63,116734.75,720.94878,2025-08-10 23:59:59.999000 UTC,84097769.04,106113,384.91858,44903028.3,0
2025-08-11 00:00:00.000000 UTC,119294.27,121669.35,118972.59,121459.83,4748.52547,2025-08-11 23:59:59.999000 UTC,570915433.1967117,632457,2840.0002,341435356.6051305,0
2025-08-12 00:00:00.000000 UTC,118686,119108.06,118593.39,118968.74,1063.91339,2025-08-12 23:59:59.999000 UTC,126485424.1864573,181070,597.87365,71077386.2,0
2025-08-13 00:00:00.000000 UTC,120134.09,120192.1,119268.03,119274.59,1160.78178,2025-08-13 23:59:59.999000 UTC,138925756.2182181,205504,444.70119,53219714.24,0
2025-08-14 00:00:00.000000 UTC,123306.44,124474,123251.9,123568.65,2428.356036,2025-08-14 23:59:59.999000 UTC,300609701.3672803,446384,1170.071366,144848426.4784767,0
2025-08-15 00:00:00.000000 UTC,118295.09,118754.33,118032.32,118749.03,926.15367,2025-08-15 23:59:59.999000 UTC,109643805.1961402,256063,468.63016,55490753.59,0
2025-08-16 00:00:00.000000 UTC,117342.04,117898.99,117231.14,117666.79,936.15112,2025-08-16 23:59:59.999000 UTC,110091544.0139022,157379,479.06914,56335656.83,0
2025-08-17 00:00:00.000000 UTC,117380.66,117499,117172.21,117407.92,434.95514,2025-08-17 23:59:59.999000 UTC,51038421.13,117774,183.26249,21502544,0
2025-08-18 00:00:00.000000 UTC,117405.01,117543.75,115780,115802.33,3537.96982,2025-08-18 23:59:59.999000 UTC,412466694.53447616,597878,1444.56641,168443402,0
2025-08-19 00:00:00.000000 UTC,116227.05,116725.69,115516.82,115760,1063.91272,2025-08-19 23:59:59.999000 UTC,123502436.4993117,321371,415.60142,48264613.69,0
2025-08-20 00:00:00.000000 UTC,112872.95,113413.23,112566.01,112962.01,1514.7512,2025-08-20 23:59:59.999000 UTC,171183640.0468091,336027,678.20317,76657020.4,0
2025-08-21 00:00:00.000000 UTC,114271.23,114691.26,113954.13,114665.14,843.77276,2025-08-21 23:59:59.999000 UTC,96412902.25,185568,457.44414,52276049.99,0
2025-08-22 00:00:00.000000 UTC,112500,112924.37,112335.6,112840.09,599.22209,2025-08-22 23:59:59.999000 UTC,67539037.67,173824,363.78812,41005884.31,0
2025-08-23 00:00:00.000000 UTC,116936,117030,116300,116425.33,882.64315,2025-08-23 23:59:59.999000 UTC,102991799.1513153,209484,370.54827,43258927.28,0
2025-08-24 00:00:00.000000 UTC,115438.06,115666.68,115196,115601.93,1193.35718,2025-08-24 23:59:59.999000 UTC,137713737.5,129125,665.36072,76774531.9,0
2025-08-25 00:00:00.000000 UTC,113493.59,113516.16,112159,113199.99,1458.78883,2025-08-25 23:59:59.999000 UTC,164653935.3346312,406224,697.64196,78729947.86,0
2025-08-26 00:00:00.000000 UTC,110111.98,110111.98,108666.66,109856.01,3231.35418,2025-08-26 23:59:59.999000 UTC,353591683.6719194,792879,1526.40661,167056128.7,0
2025-08-27 00:00:00.000000 UTC,111763.22,111825.16,111092.8,111295.21,1064.99284,2025-08-27 23:59:59.999000 UTC,118709342.2445118,184389,432.30586,48194847.16,0
2025-08-28 00:00:00.000000 UTC,111262.01,111714.28,110862.42,111652.47,651.68518,2025-08-28 23:59:59.999000 UTC,72550991.72,218066,328.71097,36603173.55,0
2025-08-29 00:00:00.000000 UTC,112566.9,112638.64,111425.28,111472.82,1147.71097,2025-08-29 23:59:59.999000 UTC,128492271.5015296,239121,509.8541,57083316.53,0
2025-08-30 00:00:00.000000 UTC,108377.4,108410.73,107912.97,107912.97,1016.98258,2025-08-30 23:59:59.999000 UTC,110054315.1853576,139350,399.69429,43258608.95,0
2025-08-31 00:00:00.000000 UTC,108816.33,109480.02,108801.35,109439.43,1232.26953,2025-08-31 23:59:59.999000 UTC,134519630.5286757,182138,616.10111,67280867.31,0
2025-09-01 00:00:00.000000 UTC,108246.36,108482.98,107631.68,107949.22,1699.00605,2025-09-01 23:59:59.999000 UTC,183582831.1043473,414557,741.26675,80088215.2,0
2025-09-02 00:00:00.000000 UTC,109237.43,109611.11,108883.8,109326.01,1165.52175,2025-09-02 23:59:59.999000 UTC,127290578.7,160382,613.50794,67022488.88,0
2025-09-03 00:00:00.000000 UTC,111240.01,111782.21,110901.06,110961.93,1370.592,2025-09-03 23:59:59.999000 UTC,152656669.9705489,191552,648.14006,72219961.55,0
2025-09-04 00:00:00.000000 UTC,111705.72,112180,111619.86,111844.46,571.01906,2025-09-04 23:59:59.999000 UTC,63888355.67,132987,276.91247,30986437.3,0
2025-09-05 00:00:00.000000 UTC,110730.87,111169.98,110435.75,111053.72,809.90979,2025-09-05 23:59:59.999000 UTC,89682512.92,174697,442.55769,49005106.55,0
2025-09-06 00:00:00.000000 UTC,110660,111307.7,109977,110187.97,5000.29897,2025-09-06 23:59:59.999000 UTC,552785936.5434699,795201,2308.83297,255237426.9,0
2025-09-07 00:00:00.000000 UTC,110187.98,111600,110180,111137.34,5681.29944,2025-09-07 23:59:59.999000 UTC,630447950.1588689,874961,2570.85199,285303923.5404623,0
2025-09-08 00:00:00.000000 UTC,111137.35,112924.37,110621.78,112065.23,11582.40211,2025-09-08 23:59:59.999000 UTC,1295903862.4649603,1744598,5531.65969,618773275.3576307,0
2025-09-09 00:00:00.000000 UTC,112065.23,113293.29,110766.66,111546.39,15379.28248,2025-09-09 23:59:59.999000 UTC,1721465997.906366,2143242,7597.38038,849973176.1775683,0
2025-09-10 00:00:00.000000 UTC,111546.38,114313.13,110917.45,113960,17517.41823,2025-09-10 23:59:59.999000 UTC,1978834750.2223115,2182534,8274.63998,934646697.4823323,0
2025-09-11 00:00:00.000000 UTC,113960,115488.09,113430,115482.69,13676.73119,2025-09-11 23:59:59.999000 UTC,1562241144.956541,2166359,6744.29993,770595422.6905212,0
2025-09-12 00:00:00.000000 UTC,115482.69,116665.63,114740.99,116029.42,15324.10719,2025-09-12 23:59:59.999000 UTC,1772122269.5018637,2481491,7995.57276,924775389.8569396,0
2025-09-13 00:00:00.000000 UTC,116029.41,116298.78,115127.27,115918.29,8269.40394,2025-09-13 23:59:59.999000 UTC,957724220.6497612,1223635,3590.09359,415773029.4393527,0
2025-09-14 00:00:00.000000 UTC,115918.29,116165.19,115135,115268.01,6707.60197,2025-09-14 23:59:59.999000 UTC,775762364.9685991,1237218,3406.90777,393977059.3035421,0
2025-09-15 00:00:00.000000 UTC,115268.01,116757.99,114384,115349.71,13212.51149,2025-09-15 23:59:59.999000 UTC,1522648235.2235153,2857989,6621.3636,763138585.7,0
2025-09-16 00:00:00.000000 UTC,115349.71,116964.27,114737.11,116788.96,10926.9094,2025-09-16 23:59:59.999000 UTC,1265779287.5169268,2047058,5292.18365,613182568.9919184,0
2025-09-17 00:00:00.000000 UTC,116788.96,117286.73,114720.81,116447.59,16754.2454,2025-09-17 23:59:59.999000 UTC,1946083704.6217456,3227418,7975.0019,926282110.8,0
2025-09-18 00:00:00.000000 UTC,116447.6,117900,116092.76,117073.53,11657.23365,2025-09-18 23:59:59.999000 UTC,1367513347.486509,2252654,5717.34538,670700552.9347277,0
2025-09-19 00:00:00.000000 UTC,117073.53,117459.99,115100,115632.38,8992.09065,2025-09-19 23:59:59.999000 UTC,1045792401.4532388,1732471,4020.81483,467345983.0786799,0
2025-09-20 00:00:00.000000 UTC,115632.39,116121.81,115408.47,115685.63,4674.92752,2025-09-20 23:59:59.999000 UTC,541264273.2416894,740451,2276.16483,263511469.8432588,0
2025-09-21 00:00:00.000000 UTC,115685.63,115819.06,115188,115232.29,4511.52219,2025-09-21 23:59:59.999000 UTC,521299751.1504096,945965,2016.72489,233031538.74699312,0
2025-09-22 00:00:00.000000 UTC,115232.29,115379.25,111800,112650.99,20781.71356,2025-09-22 23:59:59.999000 UTC,2348872511.6988754,3045876,9312.35777,1052684266.8981876,0
2025-09-23 00:00:00.000000 UTC,112650.99,113290.5,111458.73,111998.8,12301.3203,2025-09-23 23:59:59.999000 UTC,1383869800.273703,2455729,5543.3609,623665658.7200328,0
2025-09-24 00:00:00.000000 UTC,111998.8,113940,111042.66,113307,12369.25967,2025-09-24 23:59:59.999000 UTC,1394470628.502582,2229837,6100.69487,687826281.2,0
2025-09-25 00:00:00.000000 UTC,113307.01,113510.23,108631.51,108994.49,21231.14957,2025-09-25 23:59:59.999000 UTC,2356639689.9252143,4409953,9511.07937,1055527535.7684448,0
2025-09-26 00:00:00.000000 UTC,108994.49,110300,108620.07,109643.46,14243.01591,2025-09-26 23:59:59.999000 UTC,1557098915.9392595,3257155,6978.29033,762955442.8,0
2025-09-27 00:00:00.000000 UTC,109643.46,109743.91,109064.4,109635.85,5501.78643,2025-09-27 23:59:59.999000 UTC,601947588.9970765,919594,2523.25886,276080500.9941954,0
2025-09-28 00:00:00.000000 UTC,109635.85,112350,109189.99,112163.95,7542.3316,2025-09-28 23:59:59.999000 UTC,832254944.3203354,1484866,3781.87606,417495757.2,0
2025-09-29 00:00:00.000000 UTC,112163.96,114400,111560.65,114311.96,15541.12005,2025-09-29 23:59:59.999000 UTC,1755247635.871136,2442653,7836.68768,884934987.6,0
2025-09-30 00:00:00.000000 UTC,114311.97,114792,112656.27,113065.08,10666.07961,2025-09-30 23:59:59.999000 UTC,1211972184.0972855,2168956,4964.74444,563963936.7191108,0
2025-10-01 00:00:00.000000 UTC,114048.94,114429.76,113966.67,114289.52,669.29496,2025-10-01 23:59:59.999000 UTC,76426478.36,137437,318.34318,36352178.74,0
2025-10-02 00:00:00.000000 UTC,118594.99,119456.92,118368.05,118592.06,2320.02994,2025-10-02 23:59:59.999000 UTC,275928784.4,369183,1204.63763,143281576.8311235,0
2025-10-03 00:00:00.000000 UTC,120529.35,120550.9,120078.75,120221.91,856.49101,2025-10-03 23:59:59.999000 UTC,103030075.6230259,139171,262.15702,31527252.6,0
2025-10-04 00:00:00.000000 UTC,122232.21,122295.56,121982.23,122091.01,475.64697,2025-10-04 23:59:59.999000 UTC,58091662.26,116271,213.8186,26114081.95,0
2025-10-05 00:00:00.000000 UTC,122390.99,122410,122157.7,122244.41,261.13591,2025-10-05 23:59:59.999000 UTC,31927898.46,52378,114.73755,14028651.83,0
2025-10-06 00:00:00.000000 UTC,123482.32,124358.46,123084,123584.95,1474.47086,2025-10-06 23:59:59.999000 UTC,182297374.11923087,382277,761.57611,94176008.27,0
2025-10-07 00:00:00.000000 UTC,124658.54,125082.27,124600,125046.94,535.4452,2025-10-07 23:59:59.999000 UTC,66830441.53,135654,308.91524,38567385.43,0
2025-10-08 00:00:00.000000 UTC,121332.96,122089.68,121276,121832.92,790.37194,2025-10-08 23:59:59.999000 UTC,96216092.26,270056,421.40156,51301648.17,0
2025-10-09 00:00:00.000000 UTC,123306.01,123348.32,122583,122700.8,528.48578,2025-10-09 23:59:59.999000 UTC,64981981.73,131044,188.80364,23210573.5,0
2025-10-10 00:00:00.000000 UTC,121662.41,121874.13,121595.75,121786.26,357.09667,2025-10-10 23:59:59.999000 UTC,43470604.62,118942,197.07259,23990147.45,0
2025-10-11 00:00:00.000000 UTC,112774.49,113178.66,111620.3,112143.65,4004.34367,2025-10-11 23:59:59.999000 UTC,450080127.9899338,605882,1850.16133,207997238.9744974,0
2025-10-12 00:00:00.000000 UTC,110644.4,110685.63,109565.06,110039.84,1449.71411,2025-10-12 23:59:59.999000 UTC,159565061.1842181,334156,618.82561,68105451.11,0
2025-10-13 00:00:00.000000 UTC,114958.81,115888,114766.69,115283.65,1831.14783,2025-10-13 23:59:59.999000 UTC,210997649.1162828,516920,1101.86745,126950202.0261897,0
2025-10-14 00:00:00.000000 UTC,115166,115409.96,114542,114711,1023.79943,2025-10-14 23:59:59.999000 UTC,117773966.2504316,277364,311.71266,35855821.62,0
2025-10-15 00:00:00.000000 UTC,113028.13,113112.41,112384.32,112726.98,1477.97662,2025-10-15 23:59:59.999000 UTC,166729651.2051487,316764,480.5479,54204466.37,0
2025-10-16 00:00:00.000000 UTC,110763.28,111109.65,110361,111005.02,1023.51951,2025-10-16 23:59:59.999000 UTC,113245611.5189193,285677,344.00938,38070105.99,0
2025-10-17 00:00:00.000000 UTC,108194.27,109115.08,107934.4,108980.44,890.83243,2025-10-17 23:59:59.999000 UTC,96708539.47,261865,499.77804,54283277.31,0
2025-10-18 00:00:00.000000 UTC,106431.68,106980.72,106322.2,106951.59,575.43807,2025-10-18 23:59:59.999000 UTC,61384320.51,155740,294.54346,31418675.14,0
2025-10-19 00:00:00.000000 UTC,107185,107267.2,106734.17,106939.99,493.36618,2025-10-19 23:59:59.999000 UTC,52789366.39,148231,254.31408,27217343.13,0
2025-10-20 00:00:00.000000 UTC,108642.77,108642.77,107402.52,108016.9,1452.56796,2025-10-20 23:59:59.999000 UTC,156836409.4,348358,626.04046,67587463.63,0
2025-10-21 00:00:00.000000 UTC,110532.09,110532.09,110128.07,110152.11,549.02436,2025-10-21 23:59:59.999000 UTC,60591245.33,181591,206.86498,22831012.51,0
2025-10-22 00:00:00.000000 UTC,108297.66,108643.61,107841.2,108051.58,2182.45282,2025-10-22 23:59:59.999000 UTC,236108208.9981849,380992,955.72257,103425363.5713935,0
2025-10-23 00:00:00.000000 UTC,107567.45,108443.09,107500,108315.03,696.23445,2025-10-23 23:59:59.999000 UTC,75121085.5,164171,402.02325,43384025.8,0
2025-10-24 00:00:00.000000 UTC,110078.19,110709.22,109983.93,110550.48,611.12551,2025-10-24 23:59:59.999000 UTC,67448912.13,171089,357.24312,39431220.53,0
2025-10-25 00:00:00.000000 UTC,111004.9,111044.86,110672.86,110876.15,256.03075,2025-10-25 23:59:59.999000 UTC,28377416.39,71062,99.56531,11034600.36,0
2025-10-26 00:00:00.000000 UTC,111646.27,111899.56,111544.15,111730.75,460.35098,2025-10-26 23:59:59.999000 UTC,51438955.52,104702,238.15471,26611675.42,0
2025-10-27 00:00:00.000000 UTC,114559.41,115176.47,114362.26,115028.72,1410.72946,2025-10-27 23:59:59.999000 UTC,162017764.9822193,240936,746.3434,85716333.01,0
2025-10-28 00:00:00.000000 UTC,114107.65,114374.2,113788.32,114246.57,663.17207,2025-10-28 23:59:59.999000 UTC,75635953.26,183913,329.10162,37537948.52,0
2025-10-29 00:00:00.000000 UTC,112898.44,112898.45,112254.2,112321.57,714.32724,2025-10-29 23:59:59.999000 UTC,80426018.2,180159,309.77006,34876149.13,0
2025-10-30 00:00:00.000000 UTC,110021.3,110611.74,109703.43,110556.01,810.56277,2025-10-30 23:59:59.999000 UTC,89378301.33,263274,448.35793,49453988.17,0
2025-10-31 00:00:00.000000 UTC,108322.87,110042.16,108275.28,109769.71,1700.77186,2025-10-31 23:59:59.999000 UTC,185640383.9198842,360148,979.29387,106864837.4840158,0
2025-11-01 00:00:00.000000 UTC,109608.01,109877,109394.81,109732.33,382.42752,2025-11-01 23:59:59.999000 UTC,41910177.97,120504,151.75296,16632414.35,0
2025-11-02 00:00:00.000000 UTC,110098.1,110127.26,109895.27,110008.49,376.66144,2025-11-02 23:59:59.999000 UTC,41437658.55,104623,179.47771,19745433.52,0
2025-11-03 00:00:00.000000 UTC,110540.69,110750,109484,109807.89,723.95165,2025-11-03 23:59:59.999000 UTC,79683449.73,239688,318.94076,35091524.82,0
2025-11-04 00:00:00.000000 UTC,106583.05,106808.51,105852.37,106590.18,1421.11788,2025-11-04 23:59:59.999000 UTC,151179215.1716718,415418,645.13186,68628242.48,0
2025-11-05 00:00:00.000000 UTC,101497.23,101752.96,99867.01,99887.41,1998.37627,2025-11-05 23:59:59.999000 UTC,201273877.1806563,446212,900.33821,90737917.76,0
2025-11-06 00:00:00.000000 UTC,103885.16,103897.86,103029.2,103073.39,1546.75954,2025-11-06 23:59:59.999000 UTC,160064611.0386748,258596,678.06277,70190842.51,0
2025-11-07 00:00:00.000000 UTC,101346.04,101894.83,100749.94,101792.38,1305.82934,2025-11-07 23:59:59.999000 UTC,132346728.9738085,399695,662.74451,67191189.25,0
2025-11-08 00:00:00.000000 UTC,103339.09,103406.22,102539.49,102987.19,1056.24357,2025-11-08 23:59:59.999000 UTC,108796326.1302012,261099,461.85758,47563481.92,0
2025-11-09 00:00:00.000000 UTC,102312.95,102337.89,101620.23,101937.71,770.69136,2025-11-09 23:59:59.999000 UTC,78572076.23,203459,280.76619,28619415.2,0
2025-11-10 00:00:00.000000 UTC,104722.95,106670.11,104265.02,106291.42,3314.54976,2025-11-10 23:59:59.999000 UTC,350745906.7270853,522985,2036.56979,215534206.5087118,0
2025-11-11 00:00:00.000000 UTC,106011.13,106900,105500,106899.99,931.1983,2025-11-11 23:59:59.999000 UTC,98766412.59,294503,515.15403,54675866.17,0
2025-11-12 00:00:00.000000 UTC,103059,103340.59,102687.72,103250.73,833.68268,2025-11-12 23:59:59.999000 UTC,85897936.86,302628,474.63809,48908090.97,0
2025-11-13 00:00:00.000000 UTC,101654.37,102604,101467.15,102200.28,1033.70732,2025-11-13 23:59:59.999000 UTC,105511425.1904881,272628,667.95734,68221042.51,0
2025-11-14 00:00:00.000000 UTC,99692.03,99778,98700,98834.01,2766.97648,2025-11-14 23:59:59.999000 UTC,274195342.6787424,691504,1067.98364,105877168.7379927,0
2025-11-15 00:00:00.000000 UTC,94594,95414,94558.49,95127,1246.21901,2025-11-15 23:59:59.999000 UTC,118463615.6357076,394178,659.27367,62676959.31,0
2025-11-16 00:00:00.000000 UTC,95596.23,95704.81,95040.71,95373.46,473.429,2025-11-16 23:59:59.999000 UTC,45139480.43,235580,203.64394,19415475.87,0
2025-11-17 00:00:00.000000 UTC,94261.45,95487.8,93767.27,95018.68,2063.57291,2025-11-17 23:59:59.999000 UTC,195427737.3967083,526254,1078.40913,102155115.7999635,0
2025-11-18 00:00:00.000000 UTC,92215.14,92357.51,91200,92093.99,2411.57934,2025-11-18 23:59:59.999000 UTC,221752420.8,615897,1196.16025,110021083.6721842,0
2025-11-19 00:00:00.000000 UTC,92960.83,92980.22,91929.86,91965.44,1321.20284,2025-11-19 23:59:59.999000 UTC,121960240.7671115,324584,520.59862,48065964.44,0
2025-11-20 00:00:00.000000 UTC,91554.96,92335,91185.26,92213.11,1326.29218,2025-11-20 23:59:59.999000 UTC,121930792.1466003,295557,707.34421,65055957.1,0
2025-11-21 00:00:00.000000 UTC,86637.22,87498.94,86592,87166.96,1063.84212,2025-11-21 23:59:59.999000 UTC,92761104.2,443071,508.27244,44310962.65,0
2025-11-22 00:00:00.000000 UTC,85129.42,85620,84571.13,84681.63,1151.88026,2025-11-22 23:59:59.999000 UTC,97943475.47,364445,513.36652,43682189.19,0
2025-11-23 00:00:00.000000 UTC,84739.75,85609.75,84667.57,85455.47,1238.39537,2025-11-23 23:59:59.999000 UTC,105483330.2481127,307733,679.88243,57906205.2,0
2025-11-24 00:00:00.000000 UTC,86830,87211.33,85946.65,86650.89,1672.2035,2025-11-24 23:59:59.999000 UTC,144725858.9845962,483358,766.51108,66350763.46,0
2025-11-25 00:00:00.000000 UTC,88300.01,88300.01,87864.63,88154.99,934.31162,2025-11-25 23:59:59.999000 UTC,82287742.99,247270,449.85838,39623681.9,0
2025-11-26 00:00:00.000000 UTC,87369.97,87770,87338.05,87534.38,585.06542,2025-11-26 23:59:59.999000 UTC,51224628.44,222267,303.26441,26553200.39,0
2025-11-27 00:00:00.000000 UTC,90484.01,90931,90089.91,90653.52,1263.17063,2025-11-27 23:59:59.999000 UTC,114243899.9190415,247793,728.2265,65861948.22,0
2025-11-28 00:00:00.000000 UTC,91333.94,91417.99,90876.92,90884.82,522.90153,2025-11-28 23:59:59.999000 UTC,47676193.21,158419,184.01266,16779433.49,0
2025-11-29 00:00:00.000000 UTC,90890.71,91043.99,90768.13,91042.63,233.52953,2025-11-29 23:59:59.999000 UTC,21226277.93,101715,102.56317,9323200.204,0
2025-11-30 00:00:00.000000 UTC,90802.44,91055.5,90765.12,90929.44,268.7211,2025-11-30 23:59:59.999000 UTC,24433612.38,93493,178.24624,16207997.19,0
2025-12-01 00:00:00.000000 UTC,90360.01,90417,86941.4,87305.65,5720.84016,2025-12-01 23:59:59.999000 UTC,504897200.8846144,967244,2512.74793,221531027.95873928,0
2025-12-02 00:00:00.000000 UTC,86286.01,87350,86184.39,86707.08,1763.1135,2025-12-02 23:59:59.999000 UTC,152826570.6037416,401394,825.14525,71558387.78,0
2025-12-03 00:00:00.000000 UTC,91277.88,91890,90990.23,91768.39,1715.08516,2025-12-03 23:59:59.999000 UTC,156779907.3727611,313252,974.53345,89146480.25,0
2025-12-04 00:00:00.000000 UTC,93429.95,93750.73,92669.82,93397.1,1591.34643,2025-12-04 23:59:59.999000 UTC,148257093.5910317,413549,587.4213,54747545.08,0
2025-12-05 00:00:00.000000 UTC,92078.06,92500,92058.82,92449.92,383.08496,2025-12-05 23:59:59.999000 UTC,35361146.59,198293,168.2842,15532423.65,0
2025-12-06 00:00:00.000000 UTC,89330.04,89466.34,89030.67,89382,331.31777,2025-12-06 23:59:59.999000 UTC,29572708.67,125516,142.57678,12729136.8,0
2025-12-07 00:00:00.000000 UTC,89236.8,89588.23,89176.52,89459.22,312.5877,2025-12-07 23:59:59.999000 UTC,27949983.77,152807,198.72772,17768906.13,0
2025-12-08 00:00:00.000000 UTC,90395.32,90783.88,89860,90762.3,665.87544,2025-12-08 23:59:59.999000 UTC,60183435.77,309380,368.06156,33284870.79,0
2025-12-09 00:00:00.000000 UTC,90634.35,90846.26,90233.04,90544.55,486.25364,2025-12-09 23:59:59.999000 UTC,44023832.49,203443,252.47534,22854725.5,0
2025-12-10 00:00:00.000000 UTC,92678.81,92786.35,92061,92375.89,781.68104,2025-12-10 23:59:59.999000 UTC,72200238.21,238039,373.30315,34489955.38,0
2025-12-11 00:00:00.000000 UTC,92015.38,92080.32,90700,90850,1263.45754,2025-12-11 23:59:59.999000 UTC,115439315.7,403976,515.69287,47128437.08,0
2025-12-12 00:00:00.000000 UTC,92513.38,92651.93,91448.31,92016.99,1055.83174,2025-12-12 23:59:59.999000 UTC,97169467.53,320454,466.33793,42896567.78,0
2025-12-13 00:00:00.000000 UTC,90268.43,90444.28,90207.2,90323,211.75622,2025-12-13 23:59:59.999000 UTC,19130115.64,62667,80.56145,7278372.369,0
2025-12-14 00:00:00.000000 UTC,90240,90472.4,90117.05,90415.9,342.89951,2025-12-14 23:59:59.999000 UTC,30969636,107322,185.62876,16766687.43,0
2025-12-15 00:00:00.000000 UTC,88172.16,88757.38,88074.37,88752.91,916.93354,2025-12-15 23:59:59.999000 UTC,81094175.3,368499,482.14412,42655368.72,0
2025-12-16 00:00:00.000000 UTC,86432.08,86535.22,85718.1,85987.82,718.55064,2025-12-16 23:59:59.999000 UTC,61905862.89,271024,322.1554,27770383.26,0
2025-12-17 00:00:00.000000 UTC,87863.43,87863.43,87426.06,87744.28,424.75405,2025-12-17 23:59:59.999000 UTC,37201928.45,147866,165.02026,14453812.47,0
2025-12-18 00:00:00.000000 UTC,86243.23,86313.71,85863.93,85921.72,394.08859,2025-12-18 23:59:59.999000 UTC,33944406.84,182318,165.53899,14260150.93,0
2025-12-19 00:00:00.000000 UTC,85516.41,85604.88,85295.2,85367.99,429.73431,2025-12-19 23:59:59.999000 UTC,36718042.4,216440,190.64792,16291366.89,0
2025-12-20 00:00:00.000000 UTC,88136.95,88188,87961.6,88114.17,302.46754,2025-12-20 23:59:59.999000 UTC,26644097.06,97972,167.85138,14785542.42,0
2025-12-21 00:00:00.000000 UTC,88360.91,88433.64,88289.45,88293.72,165.2218,2025-12-21 23:59:59.999000 UTC,14598473.24,37555,83.69608,7395181.921,0
2025-12-22 00:00:00.000000 UTC,88658.87,89627.24,88516,89066.97,1502.18225,2025-12-22 23:59:59.999000 UTC,133774638.0637657,440909,841.88214,74976309.65,0
2025-12-23 00:00:00.000000 UTC,88620.79,88940,88504.78,88587.53,376.32388,2025-12-23 23:59:59.999000 UTC,33387304.44,152888,200.34801,17775291.35,0
2025-12-24 00:00:00.000000 UTC,87486,87839.66,87264,87686.45,531.70542,2025-12-24 23:59:59.999000 UTC,46553349.2,166688,308.91401,27048850.19,0
2025-12-25 00:00:00.000000 UTC,87669.44,87749,87508.52,87665,209.18888,2025-12-25 23:59:59.999000 UTC,18331668,97539,94.60837,8290183.004,0
2025-12-26 00:00:00.000000 UTC,87225.27,87361.54,86891.7,87332.71,670.60804,2025-12-26 23:59:59.999000 UTC,58434060.33,213947,347.36223,30268440.83,0
2025-12-27 00:00:00.000000 UTC,87369.56,87414.26,87253.05,87343.24,245.29502,2025-12-27 23:59:59.999000 UTC,21427696.97,57448,99.93924,8730089.596,0
2025-12-28 00:00:00.000000 UTC,87877,87961.37,87705.97,87805.51,299.0195,2025-12-28 23:59:59.999000 UTC,26268358.64,98347,140.73545,12364538.78,0
2025-12-29 00:00:00.000000 UTC,87952.71,88444.19,87813.17,88014.12,740.45293,2025-12-29 23:59:59.999000 UTC,65259438.81,281770,398.61032,35134168.47,0
2025-12-30 00:00:00.000000 UTC,87237.13,87359.4,87105.09,87273.23,318.02196,2025-12-30 23:59:59.999000 UTC,27741084.52,119367,145.26861,12672620.2,0
2025-12-31 00:00:00.000000 UTC,88485.5,88661.11,88172.15,88637.12,421.99548,2025-12-31 23:59:59.999000 UTC,37303232.29,133655,247.53334,21884189.21,0
